INSERT INTO ROLE (ROLE_ID, NAME) VALUES ('1', 'ADMIN');
INSERT INTO ROLE (ROLE_ID, NAME) VALUES ('2', 'USER');

INSERT INTO T_USER (USER_ID, USERNAME, PASSWORD, FIRSTNAME, LASTNAME, ENABLED, ROLE_ID) VALUES ('1', 'test', 'test', 'test', 'test', true, '1');
INSERT INTO T_USER (USER_ID, USERNAME, PASSWORD, FIRSTNAME, LASTNAME, ENABLED, ROLE_ID) VALUES ('2', 'asdf', 'asdf', 'asdf', 'asdf', true, '2');
INSERT INTO T_USER (USER_ID, USERNAME, PASSWORD, FIRSTNAME, LASTNAME, ENABLED, ROLE_ID) VALUES ('3', 'billy', '123', 'billy', 'herrington', true, '1');
INSERT INTO T_USER (USER_ID, USERNAME, PASSWORD, FIRSTNAME, LASTNAME, ENABLED, ROLE_ID) VALUES ('4', 'dungeon_master', 'artist', 'van', 'darkholme', true, '2');
INSERT INTO T_USER (USER_ID, USERNAME, PASSWORD, FIRSTNAME, LASTNAME, ENABLED, ROLE_ID) VALUES ('5', 'kazuya', 'asdf', 'kazuya', 'kazuya', true, '2');
INSERT INTO T_USER (USER_ID, USERNAME, PASSWORD, FIRSTNAME, LASTNAME, ENABLED, ROLE_ID) VALUES ('6', 'mark', 'wolf', 'mark', 'wolf', true, '2');
INSERT INTO T_USER (USER_ID, USERNAME, PASSWORD, FIRSTNAME, LASTNAME, ENABLED, ROLE_ID) VALUES ('7', 'mmm', 'mmm', 'mmm', 'mmm', true, '2');
INSERT INTO T_USER (USER_ID, USERNAME, PASSWORD, FIRSTNAME, LASTNAME, ENABLED, ROLE_ID) VALUES ('8', 'bored', 'asdf', 'bored', 'bored' ,true, '2');
INSERT INTO T_USER (USER_ID, USERNAME, PASSWORD, FIRSTNAME, LASTNAME, ENABLED, ROLE_ID) VALUES ('9', 'of', 'asdf', 'of', 'of', true, '2');
INSERT INTO T_USER (USER_ID, USERNAME, PASSWORD, FIRSTNAME, LASTNAME, ENABLED, ROLE_ID) VALUES ('10', 'making', 'asdf', 'making', 'making', true, '2');
INSERT INTO T_USER (USER_ID, USERNAME, PASSWORD, FIRSTNAME, LASTNAME, ENABLED, ROLE_ID) VALUES ('11', 'these', 'asdf', 'these', 'these', true, '2');

INSERT INTO PRIVILEGE (PRIVILEGE_ID, NAME) VALUES ('1', 'ADMIN');
INSERT INTO PRIVILEGE (PRIVILEGE_ID, NAME) VALUES ('2', 'PERM_VIEW_USER');
INSERT INTO PRIVILEGE (PRIVILEGE_ID, NAME) VALUES ('3', 'PERM_DELETE_USER');
INSERT INTO PRIVILEGE (PRIVILEGE_ID, NAME) VALUES ('4', 'PERM_EDIT_USER');
INSERT INTO PRIVILEGE (PRIVILEGE_ID, NAME) VALUES ('5', 'PERM_CHANGE_ACTIVE_USER');
INSERT INTO PRIVILEGE (PRIVILEGE_ID, NAME) VALUES ('6', 'PERM_VIEW_USERFLAG');

INSERT INTO ROLE_PRIVILEGE (ROLE_ID, PRIVILEGE_ID) VALUES ('1', '1');
INSERT INTO ROLE_PRIVILEGE (ROLE_ID, PRIVILEGE_ID) VALUES ('1', '2');
INSERT INTO ROLE_PRIVILEGE (ROLE_ID, PRIVILEGE_ID) VALUES ('1', '3');
INSERT INTO ROLE_PRIVILEGE (ROLE_ID, PRIVILEGE_ID) VALUES ('1', '4');
INSERT INTO ROLE_PRIVILEGE (ROLE_ID, PRIVILEGE_ID) VALUES ('1', '5');
INSERT INTO ROLE_PRIVILEGE (ROLE_ID, PRIVILEGE_ID) VALUES ('1', '6');
INSERT INTO ROLE_PRIVILEGE (ROLE_ID, PRIVILEGE_ID) VALUES ('2', '2');


INSERT INTO EMPLOYER (EMPLOYER_ID, USER_ID) VALUES('1' ,'3');
INSERT INTO EMPLOYER (EMPLOYER_ID, USER_ID) VALUES('2' ,'4');
INSERT INTO EMPLOYER (EMPLOYER_ID, USER_ID) VALUES('3' ,'5');

INSERT INTO EMPLOYEE (EMPLOYEE_ID, USER_ID) VALUES('1' ,'6');
INSERT INTO EMPLOYEE (EMPLOYEE_ID, USER_ID) VALUES('2' ,'7');
INSERT INTO EMPLOYEE (EMPLOYEE_ID, USER_ID) VALUES('3' ,'8');

INSERT INTO EMPLOYEE_EMPLOYER(EMPLOYEE_ID, EMPLOYER_ID) VALUES('1','1');
INSERT INTO EMPLOYEE_EMPLOYER(EMPLOYEE_ID, EMPLOYER_ID) VALUES('2','1');
INSERT INTO EMPLOYEE_EMPLOYER(EMPLOYEE_ID, EMPLOYER_ID) VALUES('3','2');

INSERT INTO TASK(TASK_ID,TITLE, ASSIGNER_ID) VALUES ('1','LULW',        '1');
INSERT INTO TASK(TASK_ID,TITLE, ASSIGNER_ID) VALUES ('2','PagChomp',    '1');
INSERT INTO TASK(TASK_ID,TITLE, ASSIGNER_ID) VALUES ('3','KaRappa',     '1');
INSERT INTO TASK(TASK_ID,TITLE, ASSIGNER_ID) VALUES ('4','eShrug',      '2');
INSERT INTO TASK(TASK_ID,TITLE, ASSIGNER_ID) VALUES ('5','forsen1',     '2');
INSERT INTO TASK(TASK_ID,TITLE, ASSIGNER_ID) VALUES ('6','TriHard',     '3');

INSERT INTO EMPLOYEE_TASKS(EMPLOYEE_ID, TASK_ID) VALUES ('1','1');
INSERT INTO EMPLOYEE_TASKS(EMPLOYEE_ID, TASK_ID) VALUES ('2','1');
INSERT INTO EMPLOYEE_TASKS(EMPLOYEE_ID, TASK_ID) VALUES ('1','2');
INSERT INTO EMPLOYEE_TASKS(EMPLOYEE_ID, TASK_ID) VALUES ('1','3');
INSERT INTO EMPLOYEE_TASKS(EMPLOYEE_ID, TASK_ID) VALUES ('3','4');
INSERT INTO EMPLOYEE_TASKS(EMPLOYEE_ID, TASK_ID) VALUES ('3','5');

INSERT INTO T_UPDATE(UPDATE_ID, UPDATER_ID, TASK_ID, BODY) VALUES ('1',  '1', '1', 'first update');
INSERT INTO T_UPDATE(UPDATE_ID, UPDATER_ID, TASK_ID, BODY) VALUES ('2',  '1', '1', 'second update');
INSERT INTO T_UPDATE(UPDATE_ID, UPDATER_ID, TASK_ID, BODY) VALUES ('3',  '1', '2', 'third update');
INSERT INTO T_UPDATE(UPDATE_ID, UPDATER_ID, TASK_ID, BODY) VALUES ('4',  '1', '3', 'fourth update');
INSERT INTO T_UPDATE(UPDATE_ID, UPDATER_ID, TASK_ID, BODY) VALUES ('5',  '2', '1', 'fifth update');
INSERT INTO T_UPDATE(UPDATE_ID, UPDATER_ID, TASK_ID, BODY) VALUES ('6',  '2', '1', 'sixth update');
INSERT INTO T_UPDATE(UPDATE_ID, UPDATER_ID, TASK_ID, BODY) VALUES ('7',  '2', '1', 'seventh update');
INSERT INTO T_UPDATE(UPDATE_ID, UPDATER_ID, TASK_ID, BODY) VALUES ('8',  '2', '1', 'eighth update');
INSERT INTO T_UPDATE(UPDATE_ID, UPDATER_ID, TASK_ID, BODY) VALUES ('9',  '3', '4', 'ninth update');
INSERT INTO T_UPDATE(UPDATE_ID, UPDATER_ID, TASK_ID, BODY) VALUES ('10', '3', '5', 'tenth update');






