INSERT INTO ROLE (ROLE_ID, NAME) VALUES ('1', 'ADMIN');
INSERT INTO ROLE (ROLE_ID, NAME) VALUES ('2', 'USER');

INSERT INTO T_USER (USER_ID, USERNAME, PASSWORD, FIRSTNAME, LASTNAME, ENABLED, ROLE_ID) VALUES ('1', 'test', 'test', 'test', 'test', true, '1');
INSERT INTO T_USER (USER_ID, USERNAME, PASSWORD, FIRSTNAME, LASTNAME, ENABLED, ROLE_ID) VALUES ('2', 'asdf', 'asdf', 'asdf', 'asdf', true, '2');
INSERT INTO T_USER (USER_ID, USERNAME, PASSWORD, FIRSTNAME, LASTNAME, ENABLED, ROLE_ID) VALUES ('3', 'billy', '123', 'billy', 'herrington', true, '1');
INSERT INTO T_USER (USER_ID, USERNAME, PASSWORD, FIRSTNAME, LASTNAME, ENABLED, ROLE_ID) VALUES ('4', 'dungeon_master', 'artist', 'van', 'darkholme', true, '2');
INSERT INTO T_USER (USER_ID, USERNAME, PASSWORD, FIRSTNAME, LASTNAME, ENABLED, ROLE_ID) VALUES ('5', 'kazuya', 'asdf', 'kazuya', 'kazuya', true, '2');
INSERT INTO T_USER (USER_ID, USERNAME, PASSWORD, FIRSTNAME, LASTNAME, ENABLED, ROLE_ID) VALUES ('6', 'mark', 'wolf', 'mark', 'wolf', true, '2');
INSERT INTO T_USER (USER_ID, USERNAME, PASSWORD, FIRSTNAME, LASTNAME, ENABLED, ROLE_ID) VALUES ('7', 'mmm', 'mmm', 'mmm', 'mmm', true, '2');
INSERT INTO T_USER (USER_ID, USERNAME, PASSWORD, FIRSTNAME, LASTNAME, ENABLED, ROLE_ID) VALUES ('8', 'bored', 'asdf', 'bored', 'bored' ,true, '2');
INSERT INTO T_USER (USER_ID, USERNAME, PASSWORD, FIRSTNAME, LASTNAME, ENABLED, ROLE_ID) VALUES ('9', 'of', 'asdf', 'of', 'of', true, '2');
INSERT INTO T_USER (USER_ID, USERNAME, PASSWORD, FIRSTNAME, LASTNAME, ENABLED, ROLE_ID) VALUES ('10', 'making', 'asdf', 'making', 'making', true, '2');
INSERT INTO T_USER (USER_ID, USERNAME, PASSWORD, FIRSTNAME, LASTNAME, ENABLED, ROLE_ID) VALUES ('11', 'these', 'asdf', 'these', 'these', true, '2');

INSERT INTO PRIVILEGE (PRIVILEGE_ID, NAME) VALUES ('1', 'ADMIN');
INSERT INTO PRIVILEGE (PRIVILEGE_ID, NAME) VALUES ('2', 'PERM_VIEW_USER');
INSERT INTO PRIVILEGE (PRIVILEGE_ID, NAME) VALUES ('3', 'PERM_DELETE_USER');
INSERT INTO PRIVILEGE (PRIVILEGE_ID, NAME) VALUES ('4', 'PERM_EDIT_USER');
INSERT INTO PRIVILEGE (PRIVILEGE_ID, NAME) VALUES ('5', 'PERM_CHANGE_ACTIVE_USER');
INSERT INTO PRIVILEGE (PRIVILEGE_ID, NAME) VALUES ('6', 'PERM_VIEW_USERFLAG');

INSERT INTO ROLE_PRIVILEGE (ROLE_ID, PRIVILEGE_ID) VALUES ('1', '1');
INSERT INTO ROLE_PRIVILEGE (ROLE_ID, PRIVILEGE_ID) VALUES ('1', '2');
INSERT INTO ROLE_PRIVILEGE (ROLE_ID, PRIVILEGE_ID) VALUES ('1', '3');
INSERT INTO ROLE_PRIVILEGE (ROLE_ID, PRIVILEGE_ID) VALUES ('1', '4');
INSERT INTO ROLE_PRIVILEGE (ROLE_ID, PRIVILEGE_ID) VALUES ('1', '5');
INSERT INTO ROLE_PRIVILEGE (ROLE_ID, PRIVILEGE_ID) VALUES ('1', '6');
INSERT INTO ROLE_PRIVILEGE (ROLE_ID, PRIVILEGE_ID) VALUES ('2', '2');


INSERT INTO EMPLOYER (EMPLOYER_ID, USER_ID) VALUES('1' ,'3');
INSERT INTO EMPLOYER (EMPLOYER_ID, USER_ID) VALUES('2' ,'4');
INSERT INTO EMPLOYER (EMPLOYER_ID, USER_ID) VALUES('3' ,'5');

INSERT INTO EMPLOYEE (EMPLOYEE_ID, USER_ID) VALUES('1' ,'6');
INSERT INTO EMPLOYEE (EMPLOYEE_ID, USER_ID) VALUES('2' ,'7');
INSERT INTO EMPLOYEE (EMPLOYEE_ID, USER_ID) VALUES('3' ,'8');

INSERT INTO EMPLOYEE_EMPLOYER(EMPLOYEE_ID, EMPLOYER_ID) VALUES('1','1');
INSERT INTO EMPLOYEE_EMPLOYER(EMPLOYEE_ID, EMPLOYER_ID) VALUES('2','1');
INSERT INTO EMPLOYEE_EMPLOYER(EMPLOYEE_ID, EMPLOYER_ID) VALUES('3','2');

INSERT INTO TASK(TASK_ID,TITLE) VALUES ('1','LULW');
INSERT INTO TASK(TASK_ID,TITLE) VALUES ('2','PagChomp');
INSERT INTO TASK(TASK_ID,TITLE) VALUES ('3','KaRappa');
INSERT INTO TASK(TASK_ID,TITLE) VALUES ('4','eShrug');
INSERT INTO TASK(TASK_ID,TITLE) VALUES ('5','forsen1');
INSERT INTO TASK(TASK_ID,TITLE) VALUES ('6','TriHard');

INSERT INTO EMPLOYEE_TASKS(EMPLOYEE_ID, TASK_ID) VALUES ('1','1');
INSERT INTO EMPLOYEE_TASKS(EMPLOYEE_ID, TASK_ID) VALUES ('2','1');
INSERT INTO EMPLOYEE_TASKS(EMPLOYEE_ID, TASK_ID) VALUES ('1','2');
INSERT INTO EMPLOYEE_TASKS(EMPLOYEE_ID, TASK_ID) VALUES ('1','3');
INSERT INTO EMPLOYEE_TASKS(EMPLOYEE_ID, TASK_ID) VALUES ('3','4');
INSERT INTO EMPLOYEE_TASKS(EMPLOYEE_ID, TASK_ID) VALUES ('3','5');

INSERT INTO STOCK(ID, CODE, STOCK_NAME) VALUES ('1','1', 'test1');
INSERT INTO STOCK(ID, CODE, STOCK_NAME) VALUES ('2','2', 'test2');
INSERT INTO STOCK(ID, CODE, STOCK_NAME) VALUES ('3','3', 'test3');
INSERT INTO STOCK(ID, CODE, STOCK_NAME) VALUES ('4','4', 'test4');
INSERT INTO STOCK(ID, CODE, STOCK_NAME) VALUES ('5','5', 'test5');
INSERT INTO STOCK(ID, CODE, STOCK_NAME) VALUES ('6','6', 'test6');

INSERT INTO STOCK_DAILY_RECORD(ID, STOCK_ID, VOLUME) VALUES ('1','1', '10');
INSERT INTO STOCK_DAILY_RECORD(ID, STOCK_ID, VOLUME) VALUES ('2','1', '20');
INSERT INTO STOCK_DAILY_RECORD(ID, STOCK_ID, VOLUME) VALUES ('3','1', '30');
INSERT INTO STOCK_DAILY_RECORD(ID, STOCK_ID, VOLUME) VALUES ('4','1', '40');
INSERT INTO STOCK_DAILY_RECORD(ID, STOCK_ID, VOLUME) VALUES ('5','1', '50');
INSERT INTO STOCK_DAILY_RECORD(ID, STOCK_ID, VOLUME) VALUES ('6','6', '60');




